Unit,NumEmployee,EmployeeScore,minEmployeeScore,maxEmployeeScore
Phòng Chăm sóc khách hàng,11,88.03345035229626,78.26067155353215,100.0
Phòng nhân sự,5,91.24217733388136,95.24374941755359,100.0
Bộ phận kinh doanh,8,70.61753482887407,60.84475603010996,93.02646682088866
Phòng kế hoạch,6,99.09729556485983,89.32451676609573,100.0
Phòng Maketing & nghiên cứu phát triển sản phẩm,26,94.97327922401266,69.44338106567187,100.0
Phòng tài chính kế toán,30,76.37017332034829,50.8402751620075,99.06771956022436
