id,runtime
1,18.320816040039062
2,18.28952407836914
3,18.246166229248047
4,18.365793228149414
5,18.3267879486084
6,18.37769317626953
7,18.231908798217773
8,18.418167114257812
9,18.39216423034668
10,18.247352600097656
11,18.388996124267578
12,18.296669006347656
13,18.33041763305664
14,18.30103302001953
15,18.345508575439453
16,18.343238830566406
17,18.368661880493164
18,18.38298225402832
19,18.358200073242188
20,18.337556838989258
