id,best_fitness
1,95.21891784667969
2,92.58602905273438
3,91.96906280517578
4,92.03333282470703
5,96.21013641357422
