id,best_fitness
1,83.62593078613281
2,83.6889419555664
3,83.46490478515625
