id,runtime
1,164.6898820400238
2,163.77464604377747
3,162.25090384483337
