id,runtime
1,243.8633291721344
2,245.0323348045349
3,243.49107599258423
4,243.58058500289917
5,308.85296177864075
