id,runtime
1,66.99946904182434
2,66.84852886199951
3,65.02230215072632
4,69.07777190208435
5,64.75049710273743
6,64.88542103767395
7,66.64707398414612
8,64.68133878707886
9,67.96731305122375
10,67.54519414901733
11,65.43151068687439
12,65.24467420578003
13,66.39593601226807
14,65.83062887191772
15,65.94293189048767
16,65.03775310516357
17,64.52160000801086
18,64.21864414215088
19,64.90184879302979
20,64.1256833076477
