id,fitness
0,22.963953018188477
1,22.40889549255371
