id,fitness
0,21.154762268066406
1,21.154762268066406
